Time,Temperature,DAC,Error,Integral
0.0008132457733154297,298.24064275986655,0,1.759357240133454,0.001428273058570483
1.1536386013031006,298.180208100622,0,1.8197918993780036,2.0993305164492404
2.3078997135162354,298.180208100622,0,1.8197918993780036,4.199845538221748
3.461947202682495,298.180208100622,0,1.8197918993780036,6.299971810504031
4.6153905391693115,298.180208100622,0,1.8197918993780036,8.398998650634276
5.770009994506836,298.24064275986655,0,1.759357240133454,10.430386748981295
6.923929691314697,298.24064275986655,0,1.759357240133454,12.460543722092806
8.077923059463501,298.30110219312144,0,1.6988978068785627,14.421060524393216
