Time,Temperature,DAC,Error,Integral
0.0007288455963134766,296.61696655428636,0,3.383033445713636,150.0
1.1554405689239502,296.61696655428636,0,3.383033445713636,150.0
2.3076717853546143,296.61696655428636,0,3.383033445713636,150.0
3.4608116149902344,296.61696655428636,0,3.383033445713636,150.0
4.613607406616211,296.61696655428636,0,3.383033445713636,150.0
5.7711310386657715,296.61696655428636,0,3.383033445713636,150.0
6.925229787826538,296.67682504221114,0,3.323174957788865,150.0
8.079118728637695,296.736703299122,0,3.2632967008780156,150.0
9.233179569244385,296.7966015144069,0,3.203398485593084,150.0
