Time,Temperature,DAC,Error,Integral
0.0008330345153808594,306.0957802208718,65535,-6.095780220871802,-12.191560441743604
2.0819451808929443,306.2264661489999,65535,-6.2264661489999185,-24.64449273974344
4.162784576416016,306.2264661489999,65535,-6.2264661489999185,-37.09742503774328
6.243964195251465,306.0957802208718,65535,-6.095780220871802,-49.28898547948688
8.324920415878296,306.0957802208718,65535,-6.095780220871802,-61.48054592123049
10.405332803726196,306.0957802208718,65535,-6.095780220871802,-73.67210636297409
