Time,Temperature,DAC,Error,Integral
0.0006897449493408203,301.42208485143004,65535,-1.4220848514300428,-150.0
1.1579322814941406,301.45104641605707,65535,-1.4510464160570677,-150.0
2.311370372772217,301.4841115087895,65535,-1.4841115087895105,-150.0
