Time,Temperature,DAC,Error,Integral
0.0006771087646484375,300.49582224907306,32789,-0.4958222490730577,-0.4958222490730577
1.154968500137329,300.43433753128477,29018,-0.4343375312847684,-0.9301597803578261
2.309809446334839,300.43433753128477,29277,-0.4343375312847684,-1.3644973116425945
3.46413254737854,300.43433753128477,29536,-0.4343375312847684,-1.7988348429273628
4.618093729019165,300.3728848792213,25730,-0.3728848792213171,-2.17171972214868
5.77554726600647,300.3728848792213,25953,-0.3728848792213171,-2.544604601369997
6.931870937347412,300.43433753128477,30239,-0.4343375312847684,-2.9789421326547654
